ID,network,p,CC,Sp,Rg
1594908935669.0,ws,1.0,0.0014818030225634397,3.642795399539954,691.0436581141305
1595043987119.0,ws,0.021544346900318832,0.6538453940091555,6.782381298129813,1141.349455300947
1594972968393.0,ws,0.01,0.6807950967823027,8.94303412341234,1513.7071530769945
1595088263126.0,ws,0.1,0.5130172331435335,4.821190379037904,812.0928132298858
1587440437374.0,ws,1.0,0.0015039270662532207,3.642911791179118,690.9718224048277
1587440099709.0,ws,0.46415888336127775,0.10786555686478859,3.778883408340834,694.1723156475318
1587424752824.0,ws,0.021544346900318832,0.6560808980123763,6.871367696769677,1156.0256813270587
1587440118229.0,ws,1.0,0.001495968714463899,3.643181398139814,690.4756922179055
1587411328269.0,ws,0.004641588833612777,0.6907511579760108,11.96636189618962,2026.5308772542946
1594792848511.0,ws,0.0021544346900318843,0.6956669467787113,17.554418481848185,2848.480292090969
1587400770047.0,ws,0.001,0.6980087184873948,27.0774798679868,4211.909889853428
1594710985581.0,ws,0.01,0.6774311784457372,8.516055785578558,1443.499646898008
1595072777882.0,ws,0.46415888336127775,0.10910752057029734,3.77911299129913,694.6600165951576
1595099208902.0,ws,1.0,0.0014926916829251784,3.642793639363936,691.0653358892589
1587409601815.0,ws,0.004641588833612777,0.6905504190907131,11.662992819281929,1989.8892270785338
1594643243730.0,ws,0.01,0.6785109552160946,8.620780618061806,1460.2317105936547
1587380686095.0,ws,0.21544346900318823,0.34257814284707977,4.230472127212721,731.3692508590717
1595168651225.0,ws,0.46415888336127775,0.10975671187303447,3.7815136513651364,694.6908083775694
1587440399695.0,ws,1.0,0.0014988660547060179,3.642692709270927,691.1041613880129
1587439652467.0,ws,0.46415888336127775,0.10817002365049189,3.7790038403840382,694.0306504769185
1587440143341.0,ws,1.0,0.0015887696963600853,3.6432667266726675,690.368222772581
1595083446250.0,ws,1.0,0.001570029708594253,3.6432861686168616,690.5632807391437
1587405101374.0,ws,0.0021544346900318843,0.6958694333117861,17.982027362736275,2913.511414671585
1587371452539.0,ws,0.001,0.6981576960784313,29.441503510351033,4446.752908256658
1595061906159.0,ws,0.1,0.5134705374158753,4.823025882588259,812.7326765626783
1587376438861.0,ws,0.021544346900318832,0.6584467577692344,6.99078397839784,1176.0887951862649
1587396140496.0,ws,0.001,0.6978409733893556,25.024560536053606,3908.301777071178
1595267336064.0,ws,1.0,0.0015127639110489425,3.643160776077608,690.5788648409264
1587381058422.0,ws,1.0,0.001527205424008695,3.6427146714671466,691.366635940598
1587400148676.0,ws,0.001,0.6974673497091143,24.474794459445945,3896.117393563583
1587424823317.0,ws,0.021544346900318832,0.6557520911725014,6.86218601860186,1155.6357688730156
1587439751602.0,ws,0.46415888336127775,0.11140654935911519,3.7832643664366437,694.4638349110784
1595080134886.0,ws,0.004641588833612777,0.689401000143647,11.278026182618262,1905.7652800704077
1587401395136.0,ws,0.001,0.697762338935574,26.461978797879787,4024.6145265473215
1594726532666.0,ws,0.0021544346900318843,0.6957816993464052,17.901076707670768,2909.0000062547697
1595061347223.0,ws,0.046415888336127774,0.6089528110683606,5.6849370337033704,950.2424556678426
1587369934018.0,ws,0.001,0.6982965056022408,31.632361136113612,4444.541300973887
1587417314053.0,ws,0.01,0.6791378919111503,8.697664486448645,1476.6980494239065
1587422584285.0,ws,0.021544346900318832,0.6561857131422069,6.885344174417442,1160.0692027396008
1595088583746.0,ws,0.46415888336127775,0.11071908319633633,3.7820702470247025,694.634565669918
1587433158830.0,ws,0.1,0.517429833112364,4.844209520952095,815.7303897054412
1594900437081.0,ws,0.01,0.6793691458378222,8.84472403240324,1491.8723139435733
1595018109623.0,ws,0.1,0.5130975452213764,4.81746504650465,812.0179883057261
1587370571952.0,ws,0.001,0.697777156862745,25.561216661666165,3949.1973584275993
1587431414445.0,ws,0.046415888336127774,0.6067315727736317,5.646875707570757,944.8579021091891
1594879931139.0,ws,0.01,0.6788426578323636,8.669173697369738,1466.1420369176976
1587433262612.0,ws,0.1,0.5127295755938248,4.819831123112311,812.3015939412489
1594810157517.0,ws,0.0021544346900318843,0.6961526599870715,18.390360416041606,3061.018760761271
1587404778134.0,ws,0.0021544346900318843,0.6952135838181426,16.450499429942994,2699.145687885694
1595065197076.0,ws,0.01,0.6798971187962364,8.837460266026604,1500.312027999859
1594969951280.0,ws,0.001,0.6978486409179055,26.225795059505952,4108.087119286793
1587416784305.0,ws,0.01,0.6788009798534798,8.649969856985699,1463.8419202962996
1595011573743.0,ws,0.021544346900318832,0.6572450987763526,6.937068286828683,1169.5787900023593
1587380808991.0,ws,0.46415888336127775,0.10764585650555154,3.778971497149715,693.8006280359166
1594754527843.0,ws,0.0021544346900318843,0.6953578898225956,16.622625702570257,2720.6346897616904
1595088499332.0,ws,0.21544346900318823,0.3433503575064576,4.23247902790279,731.5090252855684
1594908880830.0,ws,1.0,0.0015752278922002304,3.6430951495149513,690.8289523162903
1587381075452.0,ws,1.0,0.0014442230163010886,3.6432676467646763,690.1492393320248
1594988945122.0,ws,0.01,0.6804064896214895,8.865764536453645,1513.7293185124618
1587375468239.0,ws,0.01,0.6804472520101158,8.952439043904391,1517.3540161449
1587423235296.0,ws,0.021544346900318832,0.6558780666787632,6.87766302630263,1156.5517973525896
1587428664305.0,ws,0.046415888336127774,0.6092917829882536,5.671915151515152,949.2998741460563
1595038522202.0,ws,0.021544346900318832,0.6566434527778723,6.898706690669067,1161.789906884441
1587428980942.0,ws,0.046415888336127774,0.6080304125681679,5.6448877887788775,945.7377289811559
1587397879212.0,ws,0.001,0.6979905392156863,28.319078627862787,4277.870045358314
1587381020696.0,ws,1.0,0.0015698436745124726,3.642719111911191,691.4058148832975
1595253444592.0,ws,0.021544346900318832,0.6589211322612715,7.010847564756475,1180.0312949441543
1587426007636.0,ws,0.021544346900318832,0.6571231247046726,6.92160200020002,1165.4895834315007
1587433566905.0,ws,0.1,0.5129477043914118,4.819301070107011,812.1504849970298
1594814014555.0,ws,0.0021544346900318843,0.6954040406162464,16.827358755875586,2732.7544292635434
1587427489545.0,ws,0.046415888336127774,0.6069626583048874,5.635536673667366,943.6381997220536
1587404359457.0,ws,0.0021544346900318843,0.6958601747109098,17.740244404440443,2915.2171250324764
1594997138321.0,ws,0.46415888336127775,0.10987360248271145,3.7808408440844086,694.1184102769225
1587410774938.0,ws,0.004641588833612777,0.6905450928320045,11.88314393439344,2005.670810638403
1594908851800.0,ws,1.0,0.0014558323808849451,3.6430009400940095,691.143610894249
1595175118825.0,ws,1.0,0.0015336234452892634,3.6432404640464044,690.5542812051171
1587409990232.0,ws,0.004641588833612777,0.6899076483157365,11.667483628362836,1960.9847200341837
1587424970208.0,ws,0.021544346900318832,0.6563583316210791,6.881078087808781,1159.0619007994524
1587417009790.0,ws,0.01,0.6798826077354018,8.818747234723473,1497.9086511612147
1587380893923.0,ws,0.46415888336127775,0.11065805420248676,3.7819205320532054,694.8228772899497
1587370841567.0,ws,0.001,0.6978163305322128,24.978576557655767,3904.818067065777
1587439540849.0,ws,0.46415888336127775,0.10924566048720977,3.780629302930293,694.2558139038459
1595040227957.0,ws,0.001,0.6978397128851539,25.679691689168916,3955.6972669043002
1587434134740.0,ws,0.1,0.5158927553329024,4.84046200620062,814.2275893929328
1594645879680.0,ws,0.01,0.6800449910220498,8.839610821082108,1492.7725985238399
1587378853862.0,ws,0.046415888336127774,0.6072174074807202,5.653101290129013,945.1330357026943
1587405512289.0,ws,0.0021544346900318843,0.6958368557422968,17.862920592059204,2944.8061082983813
1594890050706.0,ws,0.01,0.6800243765333392,8.81656493649365,1501.8980454876935
1587397968318.0,ws,0.001,0.6980966822882998,28.013698349834982,4365.75471320515
1594712740732.0,ws,1.0,0.0014270468579619879,3.642746694669467,690.9566155791774
1595096953416.0,ws,0.01,0.6807399186597715,8.962304750475047,1525.0578283889863
1587378609009.0,ws,0.046415888336127774,0.6089615378541308,5.66852803280328,948.2371951338949
1595104844518.0,ws,1.0,0.0015359532820644008,3.6430908490849085,691.0071616253258
1587418301148.0,ws,0.01,0.6782078153056094,8.640105550555056,1459.2981862910738
1587436362654.0,ws,0.21544346900318823,0.33854552915982183,4.220086168616862,730.2487532375083
1587438825624.0,ws,0.21544346900318823,0.3390182243936124,4.221575437543755,730.5944046521864
1587413293337.0,ws,0.004641588833612777,0.6905939770523594,12.097349294929494,2012.1745251783298
1594908714643.0,ws,1.0,0.001497503797215333,3.643055905590559,690.8440612111501
1595057731280.0,ws,0.0021544346900318843,0.6960794257703081,18.673854585458546,2996.493375186571
1587440155919.0,ws,1.0,0.0015438532745727523,3.642998119811981,690.8810596090278
1587377513125.0,ws,0.021544346900318832,0.6566872380672304,6.886365776577658,1160.3795790261681
1587381032978.0,ws,1.0,0.0014912481129320356,3.6431138313831384,690.6473568179357
1587419737776.0,ws,0.01,0.6789668264741794,8.69802698269827,1469.023960500161
1594908729087.0,ws,1.0,0.001494798220345535,3.6429285328532854,691.1737625752987
1587437367162.0,ws,0.21544346900318823,0.34144037507272196,4.227139153915392,730.8792351277535
1587412510325.0,ws,0.004641588833612777,0.6894668153415211,11.323622402240224,1925.808465744038
1587440302933.0,ws,1.0,0.00140602122419621,3.6425755575557557,691.2721823879255
1595035747921.0,ws,0.0021544346900318843,0.6957901492135313,17.88004102410241,2889.097693696683
1587440168333.0,ws,1.0,0.0016529045887954893,3.642813101310131,691.8782673218326
1587421771455.0,ws,0.021544346900318832,0.6566222368326547,6.8828057605760575,1161.7663833776332
1587440445864.0,ws,1.0,0.001462790959538566,3.6427327532753275,691.2990513163553
1587403862093.0,ws,0.0021544346900318843,0.6957439851325143,17.97138915891589,2874.422957917893
1587439430475.0,ws,0.46415888336127775,0.11052096756946507,3.7818077407740773,694.3728250231839
1594704025238.0,ws,0.01,0.6796567061885482,8.824937873787379,1499.9128759530884
1587439404777.0,ws,0.46415888336127775,0.1088164861609278,3.780116191619162,693.9463795529326
1587439617932.0,ws,0.46415888336127775,0.11025623589243846,3.7813838183818382,694.4276702417048
1587411640069.0,ws,0.004641588833612777,0.6901799170437404,11.68215105510551,1971.7111407833374
1594997055211.0,ws,0.21544346900318823,0.34204716119591805,4.228831103110311,731.2239248285136
1587439566143.0,ws,0.46415888336127775,0.11147730525015336,3.7838557455745576,694.8447165681985
1594743910043.0,ws,0.0021544346900318843,0.695042799504417,16.032938413841386,2648.656911027198
1595153065753.0,ws,0.01,0.6793344066898013,8.74114203420342,1473.9133534157747
1587440298625.0,ws,1.0,0.0015429824370999496,3.6431570357035703,690.747616517282
1587395881424.0,ws,0.001,0.6981151610644256,27.668747554755477,4284.122578327021
1587436571798.0,ws,0.21544346900318823,0.34069300891093024,4.2254298629862985,730.8683870817092
1595155684334.0,ws,0.1,0.5134471714809099,4.826735133513352,812.6940696449698
1595232091955.0,ws,0.001,0.6977170728291315,25.437361216121612,3974.9898483441225
1587414002970.0,ws,0.004641588833612777,0.6909334764418587,12.266015321532153,2049.6026568566754
1587406090009.0,ws,0.0021544346900318843,0.6957438030596853,17.79177403740374,2884.8170768854698
1587424531799.0,ws,0.021544346900318832,0.6585117750825026,6.9751546154615465,1175.8258889908984
1594971918903.0,ws,0.004641588833612777,0.6910670620555913,12.293419721972198,2082.1555310024128
1587402527289.0,ws,0.0021544346900318843,0.6948499030381383,16.29501308130813,2634.5857037121878
1587430218299.0,ws,0.046415888336127774,0.6065709912576244,5.645807680768077,944.459384062391
1587430967371.0,ws,0.046415888336127774,0.6130593542199114,5.746866346634664,960.7522955834559
1587437051340.0,ws,0.21544346900318823,0.3397842005768718,4.222326332633263,730.6768756179256
1595006838124.0,ws,0.046415888336127774,0.6083741518680837,5.665593859385939,947.6665822651395
1594908969343.0,ws,1.0,0.0015672040077001714,3.642919891989199,691.0789239538307
1594712731106.0,ws,1.0,0.0015039539642068246,3.643026422642264,691.2081869258876
1587436434241.0,ws,0.21544346900318823,0.3418665271234352,4.227294889488949,731.2438081323822
1587440006832.0,ws,0.46415888336127775,0.10909487893855845,3.7795497549754975,694.275565402924
1594705796549.0,ws,0.01,0.6800730158257635,8.916820362036203,1506.548198753096
1587379892018.0,ws,0.1,0.5145991444202512,4.823122932293229,812.9296527328491
1587439910896.0,ws,0.46415888336127775,0.1102476681659999,3.7818112411241125,694.3121730878984
1595231970860.0,ws,0.21544346900318823,0.3417096337062453,4.229370677067707,731.1801996829977
1587439492448.0,ws,0.46415888336127775,0.10815965917357646,3.7795481548154815,693.8890860196461
1595255143039.0,ws,0.46415888336127775,0.10753879132252561,3.7779694569456947,694.3195646321251
1587416933468.0,ws,0.01,0.6795177919345875,8.730785438543855,1486.391577018527
1587415564547.0,ws,0.01,0.67775569704805,8.522895389538954,1440.9762236821489
1594996706702.0,ws,0.1,0.5129415904494542,4.826613581358136,812.4308842555166
1587376295568.0,ws,0.01,0.6800740025024854,8.915307230723073,1515.774283864306
1595083383610.0,ws,0.21544346900318823,0.3431177967727819,4.232414881488149,731.3585418060612
1587437475423.0,ws,0.21544346900318823,0.3380916529101386,4.219914551455146,730.0588234170738
1587411958969.0,ws,0.004641588833612777,0.6911040293040291,12.390379857985799,2066.030067684014
1587431659859.0,ws,0.046415888336127774,0.6114421110631715,5.707796079607961,955.7896216941512
1587404940819.0,ws,0.0021544346900318843,0.6962259829059827,18.49533295329533,2906.902120231306
1587371195218.0,ws,0.001,0.6976858963585433,23.723010681068107,3897.9716915189683
1587411481539.0,ws,0.004641588833612777,0.6912221888242476,12.277110971097109,2067.055935736228
1594790946549.0,ws,0.0021544346900318843,0.696067676147382,18.601376337633763,3052.570309659386
1587427361319.0,ws,0.046415888336127774,0.6115005578700625,5.716221282128213,956.3171083420094
1587437760550.0,ws,0.21544346900318823,0.3426573131670456,4.230412261226123,731.2833603448938
1594826625588.0,ws,0.0021544346900318843,0.6962128264382675,18.775049264926494,2957.807074352567
1587422363722.0,ws,0.021544346900318832,0.656583847864382,6.900082268226822,1164.7080001225502
1587434864704.0,ws,0.1,0.5122162966522641,4.821157915791579,811.6479014225026
1587440320050.0,ws,1.0,0.001511692840457479,3.6431743574357434,690.768605730872
1587400950954.0,ws,0.001,0.6978675630252099,26.673732733273326,4171.282128697923
1594908959843.0,ws,1.0,0.0016085300176334639,3.6430395639563957,690.8179855365581
1587437865093.0,ws,0.21544346900318823,0.34090309127012886,4.225231263126313,731.0126742433065
1587419889453.0,ws,0.01,0.6799344683257917,8.775011621162117,1499.727858230656
1587414234906.0,ws,0.004641588833612777,0.6907899649859943,12.112490189018901,2045.1097623824528
1595238364202.0,ws,0.46415888336127775,0.10949030178733786,3.780595219521952,694.2629750590102
1587433987187.0,ws,0.1,0.5138615011106884,4.826841504150415,812.985355588486
1587425118408.0,ws,0.021544346900318832,0.6547594644038451,6.819350595059506,1146.581436595337
1587437685689.0,ws,0.21544346900318823,0.343142783517764,4.230797879787978,731.3682690172103
1595049575629.0,ws,0.021544346900318832,0.6575571719362509,6.954653225322533,1170.6510223386013
1587375544870.0,ws,0.01,0.679264550837879,8.748480748074808,1478.58419832816
1594908783043.0,ws,1.0,0.001595692538654916,3.6430240424042406,690.8532857433179
1587428606489.0,ws,0.046415888336127774,0.6055227305726608,5.622132053205321,940.6457563924268
1587439835531.0,ws,0.46415888336127775,0.11031534655296243,3.781300010001,694.2415575919372
1587402267080.0,ws,0.001,0.6977959259857789,25.89733597359736,4025.75447201864
1587370208998.0,ws,0.001,0.6976549066293183,24.95757203720372,3927.7503235978156
1587369843761.0,ws,0.001,0.6979381792717085,27.570327472747273,4296.662081407473
1587378362218.0,ws,0.046415888336127774,0.6083194049809839,5.658081248124812,946.6604126095469
1587408489294.0,ws,0.0021544346900318843,0.6955387271062269,17.678665446544656,2922.4268635870294
1587416252308.0,ws,0.01,0.6794312754359503,8.702545654565457,1481.4955835594421
1587407919365.0,ws,0.0021544346900318843,0.6962344568340155,18.411145414541455,2987.606176680814
1587440218843.0,ws,1.0,0.0014238473455471705,3.6428469246924693,691.010932282535
1595007734010.0,ws,0.001,0.6981784803921568,28.24139713971397,4468.265686118833
1587400061011.0,ws,0.001,0.6980341736694676,27.433805460546054,4352.128904143904
1594741015504.0,ws,0.0021544346900318843,0.695989188572865,18.148102810281028,2916.6896333054874
1594844262018.0,ws,0.01,0.679297384184443,8.76375685568557,1482.5904023762025
1587420877943.0,ws,0.01,0.6791709343872501,8.724569196919692,1484.4196043290742
1587416633292.0,ws,0.01,0.6806493083292696,8.992531353135314,1525.9954895162932
1594959039093.0,ws,0.001,0.6976121148459382,24.698451665166516,3842.623285365931
1587417696869.0,ws,0.01,0.6791885685367264,8.739385358535854,1481.6112367097749
1594970937361.0,ws,0.0021544346900318843,0.6955480952380951,17.246689268926893,2817.544404430048
1587372454661.0,ws,0.0021544346900318843,0.6951452310924369,16.803584738473848,2706.1124364541856
1587429973067.0,ws,0.046415888336127774,0.6078536821949979,5.65956299629963,947.0587564822931
1587415105265.0,ws,0.004641588833612777,0.6903903779717014,11.771988578857886,2008.5444146402267
1587417618373.0,ws,0.01,0.6789306203763557,8.692132573257325,1472.2284858758578
1587374860142.0,ws,0.01,0.6804557922332226,8.872704290429043,1513.8261781998515
1594738120345.0,ws,0.0021544346900318843,0.6956485784313723,17.298140854085407,2767.3649498308873
1595164697696.0,ws,0.004641588833612777,0.690690999425411,12.066479267926793,2031.6115438729487
1594708342649.0,ws,0.01,0.6785504806794512,8.66332807280728,1462.6232762275672
1587374225380.0,ws,0.004641588833612777,0.6903113378941319,11.67523102310231,2002.6365932980355
1594892203096.0,ws,0.01,0.6792660965668318,8.681644204420442,1478.553103014715
1595012923377.0,ws,0.21544346900318823,0.3425231270520882,4.2296114811481145,731.2774170977743
1587398409960.0,ws,0.001,0.6975803835380305,24.62446806680668,3832.149998357685
1587438199045.0,ws,0.21544346900318823,0.33972239282378225,4.222603500350035,730.424750626798
1587401654472.0,ws,0.001,0.697856288515406,26.95450601060106,4155.7846523123135
1595105817053.0,ws,0.0021544346900318843,0.6958654271708682,17.74184890489049,2916.313937811978
1594712771560.0,ws,1.0,0.0015623408639163906,3.6431472547254726,690.4609135957597
1594827584801.0,ws,0.0021544346900318843,0.6959521229260934,17.92076371637164,2977.1773448422837
1594974916724.0,ws,0.1,0.5145555347799775,4.824908750875087,812.9728815611728
1587419433744.0,ws,0.01,0.6794251723766429,8.820081868186818,1506.9798192599858
1587420952665.0,ws,0.01,0.6797381289573857,8.789615901590158,1490.9485529715537
1587437124879.0,ws,0.21544346900318823,0.3420226354617474,4.228307170717072,731.0265948513635
1594725535076.0,ws,0.01,0.6796318237335419,8.762935453545355,1483.4403299835612
1595104848427.0,ws,0.001,0.6975691456582632,25.321192839283928,3851.0202384197746
1594909038529.0,ws,1.0,0.0015325566567262624,3.64318501850185,690.356431449665
1587433782235.0,ws,0.1,0.5120355206145764,4.812131413141314,811.1916020628389
1594997150617.0,ws,0.001,0.6977626551389786,25.673774837483748,3901.2277793608387
1595002406158.0,ws,0.46415888336127775,0.10914124156907042,3.7802317431743173,694.192017515355
1587435488968.0,ws,0.1,0.5115546871489364,4.817479627962796,811.6288049811419
1587380972818.0,ws,0.46415888336127775,0.10921399031290571,3.7811584158415843,693.8739081839973
1587439823287.0,ws,0.46415888336127775,0.11201638026652308,3.783604460446045,694.5036878551982
1587429168756.0,ws,0.046415888336127774,0.6091132278445668,5.680514711471147,951.3902309692736
1587398228967.0,ws,0.001,0.6976749299719887,23.902343754375437,4034.4526758252655
1587438681018.0,ws,0.21544346900318823,0.3383970275151181,4.218549414941494,730.2083933207566
1587398584618.0,ws,0.001,0.6977346918767505,25.32807312731273,3967.9494960255465
1587380261166.0,ws,0.21544346900318823,0.3419823886171336,4.22930599059906,731.1994405061763
1595241793883.0,ws,0.01,0.6782475824175823,8.592297549754976,1470.9747918927087
1587439796424.0,ws,0.46415888336127775,0.10884769272836914,3.7793387738773876,694.3776979512055
1595151978018.0,ws,0.004641588833612777,0.6898565612182794,11.565606440644064,1952.3275801557147
1594712735888.0,ws,1.0,0.0014514537847349802,3.643226802680268,690.3367957365231
1594640811041.0,ws,0.01,0.6805787139511674,8.954193739373938,1522.1677676405234
1594908950255.0,ws,1.0,0.001573786733191229,3.6433221522152217,690.4042628611535
1587436065292.0,ws,0.1,0.5148766945661837,4.828805660566057,813.6433192668836
1594875920680.0,ws,0.01,0.6817298737700207,9.074311331133114,1552.0735933606684
1587435080589.0,ws,0.1,0.5118815569217504,4.814514351435143,811.3360448488903
1594806303189.0,ws,0.0021544346900318843,0.6949247188106011,16.23267530753075,2645.2079623169557
1595244666031.0,ws,0.001,0.6979764414996766,27.320597479747974,4263.228063819294
1587439639369.0,ws,0.46415888336127775,0.10792080978045152,3.7790563256325633,694.1311410280449
1587440139154.0,ws,1.0,0.00150634707227026,3.6431647764776476,690.8324211671277
1595236447373.0,ws,0.021544346900318832,0.6555030818562243,6.855983578357836,1150.2972284719785
1587420725303.0,ws,0.01,0.6796902725233143,8.817376337633764,1496.4814339855386
1587440420686.0,ws,1.0,0.00156031143698885,3.6425311331133114,691.6031026062603
1587421180682.0,ws,0.01,0.678948555268261,8.6668500050005,1483.848503915429
1594744870183.0,ws,0.0021544346900318843,0.695561757703081,17.56634067406741,2856.4271267135305
1595007654310.0,ws,0.21544346900318823,0.34059998606783504,4.223518771877187,730.7273571685892
1587437829265.0,ws,0.21544346900318823,0.34325201562044544,4.232398519851985,731.4571093342133
1587422140149.0,ws,0.021544346900318832,0.6551750796485936,6.815099809980998,1149.860753717288
1594646843329.0,ws,1.0,0.0015114236509241896,3.643087688768877,690.7193756688624
1587434761457.0,ws,0.1,0.5133101998354243,4.82039197919792,812.3820894751328
1594868730662.0,ws,0.01,0.6799149542124542,8.851072187218723,1497.6038186843161
1587375392110.0,ws,0.01,0.6794204242979243,8.768463686368637,1494.582420336077
1587372963444.0,ws,0.0021544346900318843,0.695490652337858,17.086923552355234,2758.1357047134006
1595023857947.0,ws,1.0,0.0013859267973491776,3.6430454645464545,690.6452083944429
1587402934905.0,ws,0.0021544346900318843,0.6952621653020182,16.998804500450046,2756.68418711186
1595004348014.0,ws,0.004641588833612777,0.690039676566983,11.552507270727073,1953.2178002024589
1595249465884.0,ws,0.001,0.6979865266106441,26.823617521752176,4111.641650344226
1587406500404.0,ws,0.0021544346900318843,0.6958137231559289,18.339773237323733,2909.649910632819
1587440366024.0,ws,1.0,0.0015003344329127745,3.6430643264326434,690.6390469801527
1587424679416.0,ws,0.021544346900318832,0.6575064157849374,6.930245644564456,1167.602026575319
1594995349744.0,ws,0.021544346900318832,0.6548291739718829,6.821893329332934,1150.8663112807765
1587438440351.0,ws,0.21544346900318823,0.33776523954275184,4.2161694569456944,730.0730464234784
1594632469410.0,ws,0.0021544346900318843,0.6957942749407455,17.770929672967295,2877.0608138208595
1595168670170.0,ws,0.001,0.6979281792717086,27.286475247524752,4182.47871561884
1595007729916.0,ws,1.0,0.0014548188964906559,3.6429322332233225,691.3995788547494
1587411246181.0,ws,0.004641588833612777,0.6899848146951088,11.564084708470848,1959.1608837443878
1587425634607.0,ws,0.021544346900318832,0.657446349518215,6.932763576357636,1167.132848338933
1587407582207.0,ws,0.0021544346900318843,0.6959828151260503,18.171164316431643,2984.964984922359
1587439506149.0,ws,0.46415888336127775,0.11188619199761217,3.7831809580958096,694.8960312527372
1595081057558.0,ws,0.01,0.6808832871866696,8.919036063606361,1518.6820202670706
1587417999612.0,ws,0.01,0.6803846676362852,8.921239143914391,1513.233338640157
1595109998556.0,ws,0.1,0.5136446188580941,4.82483202320232,813.0165913394108
1587405428482.0,ws,0.0021544346900318843,0.6957951389786683,17.710773437343736,2894.1447585567244
1595029353975.0,ws,0.001,0.6977301120448177,24.18863302330233,3918.312002940809
1595083435353.0,ws,0.46415888336127775,0.10950770044920455,3.780600240024002,694.1696892318514
1587402439728.0,ws,0.0021544346900318843,0.6957443487394958,17.87326490649065,2872.2666718392616
1587380544284.0,ws,0.21544346900318823,0.33844112653331326,4.219754175417542,730.2066249231143
1587440050232.0,ws,0.46415888336127775,0.10995839231677373,3.7806242224222424,694.2337217089813
1594651273617.0,ws,0.0021544346900318843,0.6961052714932124,18.353529792979298,2994.565227904797
1587400421442.0,ws,0.001,0.698165350140056,28.464048384838485,4448.590105997769
1587439810374.0,ws,0.46415888336127775,0.10933614063392823,3.781288308830883,694.0754641752253
1594830450708.0,ws,0.0021544346900318843,0.6949945114199525,16.26476679667967,2660.9123058285486
1595088604250.0,ws,0.001,0.6978516736694678,27.312520292029202,4120.120661018072
1594908807926.0,ws,1.0,0.0016564274422799798,3.6428879687968796,690.9656101388238
1587411797641.0,ws,0.004641588833612777,0.6908812779214248,12.022596979697969,2026.8719532675452
1595026725486.0,ws,0.01,0.6805252612583493,8.90946196619662,1513.4201543187767
1587439455069.0,ws,0.46415888336127775,0.10991530021545884,3.781779477947795,694.2556064166793
1587376719858.0,ws,0.021544346900318832,0.6574942996915365,6.9352054805480545,1170.7441308941748
1594822767661.0,ws,0.0021544346900318843,0.6957078140486963,17.86666716671667,2900.1653272002195
1587439391742.0,ws,0.46415888336127775,0.10753254333552512,3.778735693569357,693.6776952034442
1594980524359.0,ws,0.21544346900318823,0.34145282438026814,4.228827662766276,731.2057317239722
1594865870416.0,ws,0.01,0.6788537631975866,8.673661706170616,1471.4900726611174
1587432794651.0,ws,0.1,0.5135521706380994,4.819461786178618,812.276351915008
1587434605150.0,ws,0.1,0.5101587211472737,4.810475447544754,810.4422139537304
1594799589183.0,ws,0.0021544346900318843,0.6947624719887954,15.830615061506151,2580.211425944378
1595048646857.0,ws,0.01,0.6779945780457931,8.550977177717773,1450.3901226274265
1587400679058.0,ws,0.001,0.6979713935574229,27.205895389538952,4307.316569130425
1587379037991.0,ws,0.1,0.5133644468895397,4.824519051905191,812.6137669935076
1594722265317.0,ws,0.0021544346900318843,0.6961092022193492,18.970802460246023,3053.1095569858703
1595093072429.0,ws,0.046415888336127774,0.6056798710276651,5.628143634363436,940.8637515152786
1595073766979.0,ws,0.0021544346900318843,0.6958996825396825,17.99503702370237,2905.243923616464
1587433312723.0,ws,0.1,0.5149437354466998,4.8349006500650065,814.3335928957463
1594908999103.0,ws,1.0,0.001563990034827612,3.643150095009501,690.335808332956
1587440164192.0,ws,1.0,0.0016497546046008154,3.643477887788779,690.2975831376433
1594974399977.0,ws,0.046415888336127774,0.6072009480526352,5.6606172417241725,945.9053389788736
1587434292627.0,ws,0.1,0.5143668954024991,4.827151215121512,812.9801343495722
1595034765248.0,ws,0.001,0.6976746617108381,25.254543634363436,3927.316550111242
1587380118029.0,ws,0.21544346900318823,0.342109152708765,4.225573137313732,731.0702853021382
1595099196893.0,ws,0.46415888336127775,0.10721569083151335,3.777878087808781,694.0795345332301
1587436115480.0,ws,0.1,0.5140623627731058,4.823833723372338,812.829987377918
1587440441613.0,ws,1.0,0.0015117269004657618,3.6433424342434244,690.5223190241147
1587424020050.0,ws,0.021544346900318832,0.655429559455852,6.855148534853486,1152.5723871701643
1594857747327.0,ws,0.01,0.680251890586194,8.8387400740074,1509.004055190151
1587438337952.0,ws,0.21544346900318823,0.34051927179717434,4.22371101110111,730.605489570721
1587380950165.0,ws,0.46415888336127775,0.10910072962358931,3.780128612861286,693.9952072514526
1594908699214.0,ws,1.0,0.00146749510481802,3.6429982398239824,690.6142267307345
1587396393841.0,ws,0.001,0.6979213585434172,26.28866100610061,4015.44216708933
1587433937757.0,ws,0.1,0.5131172274655169,4.819769156915692,812.7021549368245
1587380150385.0,ws,0.21544346900318823,0.34228307389791673,4.227181058105811,731.2569860672273
1595009688147.0,ws,0.004641588833612777,0.6910114348559936,12.156391659165916,2065.4982030115843
1587439235727.0,ws,0.46415888336127775,0.11054048469237714,3.7830219421942193,694.1051008875729
1595030338425.0,ws,0.0021544346900318843,0.6957245765998706,17.571789358935895,2896.686865029539
1587432267860.0,ws,0.1,0.5110308838856362,4.807087548754875,810.3857483390819
1587373915901.0,ws,0.004641588833612777,0.6901868826761473,11.76113503350335,1983.2461127195847
1587407999040.0,ws,0.0021544346900318843,0.6954727871148457,16.932103570357036,2745.1273457318716
1587434452504.0,ws,0.1,0.5154464455565074,4.8338730873087306,814.1722896972541
1587409296007.0,ws,0.004641588833612777,0.6899297055232347,11.655031683168318,1963.6490347172435
1587407502732.0,ws,0.0021544346900318843,0.6955356722689076,17.064638823882387,2775.1206791162977
1595088600317.0,ws,1.0,0.0014838858064431493,3.6430295829582957,690.5505632744521
1587440307436.0,ws,1.0,0.001500262200682513,3.643368376837684,690.6197614511376
1587440433241.0,ws,1.0,0.0014151907446735821,3.642835823582358,691.0788010867628
1587439275364.0,ws,0.46415888336127775,0.10999212712214872,3.7817677567756776,694.3019550588984
1587405591466.0,ws,0.0021544346900318843,0.6957190359477123,17.55360904090409,2915.6236856372784
1595067194019.0,ws,0.1,0.5137815572654041,4.82203398339834,812.6268114207728
1587413138202.0,ws,0.004641588833612777,0.6901821699705523,11.769300890089008,2001.5084748790396
1595046732975.0,ws,0.0021544346900318843,0.6957764402427636,17.83754901490149,2831.8466363809375
1587439304448.0,ws,0.46415888336127775,0.10891335434031725,3.7803084508450846,694.1180591636708
1587439761665.0,ws,0.46415888336127775,0.10950378410493351,3.781384398439844,694.2766209001209
1587427745090.0,ws,0.046415888336127774,0.6070821572553694,5.643070747074708,944.5958795159547
1587425488433.0,ws,0.021544346900318832,0.657682830653179,6.964418621862186,1173.4741212780418
1587399802552.0,ws,0.001,0.6975212605042016,25.392953315331532,3924.1814956187854
1587402181335.0,ws,0.001,0.698345007002801,30.636987558755877,4724.160073411965
1587410228074.0,ws,0.004641588833612777,0.689970647130647,11.686215841584158,1978.394181153593
1594991520902.0,ws,0.001,0.6974585784313725,23.61401714171417,3732.2001785930606
1587402687157.0,ws,0.0021544346900318843,0.6955579557207496,16.858477447744775,2821.1419951066396
1595006098888.0,ws,0.021544346900318832,0.656146247226286,6.856361416141614,1157.361350031599
1595062214096.0,ws,0.21544346900318823,0.34244501477112793,4.22806098609861,730.9792879766719
1587440429025.0,ws,1.0,0.0014844764147823777,3.6430766676667665,690.9419072452489
1587427236802.0,ws,0.046415888336127774,0.6086242395255244,5.662299089908991,948.6743760702616
1587374464124.0,ws,0.004641588833612777,0.6899782740788623,11.579092149214922,1972.55607892009
1587380291971.0,ws,0.21544346900318823,0.3422393481623819,4.228319471947195,731.0579193415774
1587423449612.0,ws,0.021544346900318832,0.6571368207282914,6.924651665166516,1166.9323425093835
1587372372918.0,ws,0.0021544346900318843,0.6956778108166342,17.21283610361036,2845.725092366621
1595023841849.0,ws,0.46415888336127775,0.11044429182258891,3.782527072707271,694.6039919019389
1595007717200.0,ws,0.46415888336127775,0.10868196935220299,3.77928096809681,694.3664610954169
1595055921077.0,ws,0.046415888336127774,0.6096725812457237,5.692042924292429,951.520184404873
1587422214499.0,ws,0.021544346900318832,0.6560922628120075,6.885357115711571,1159.7243247353176
1587433207925.0,ws,0.1,0.5148283860721322,4.832547854785479,814.1904730530933
1594747751057.0,ws,0.0021544346900318843,0.6954433457229044,16.69652117211721,2760.033781672814
1595093922657.0,ws,0.001,0.6979990616246496,26.20656597659766,4125.605743171827
1595023002209.0,ws,0.046415888336127774,0.6081989067236513,5.652863226322633,946.8583774150035
1587379791128.0,ws,0.1,0.5130874825372426,4.822296349634963,812.4230448502401
1587396303529.0,ws,0.001,0.6979370238095236,27.15407728772877,4023.998864015238
1587377805923.0,ws,0.046415888336127774,0.6070930300238119,5.649596439643965,944.8891330870905
1595018361830.0,ws,0.21544346900318823,0.34199948033409433,4.2276890089008905,731.2317909246347
1587435027729.0,ws,0.1,0.5136246340338368,4.825132633263326,812.9191472994207
1587423381030.0,ws,0.021544346900318832,0.6555650311771132,6.86919391939194,1153.0403589909856
1587435183376.0,ws,0.1,0.5114908482444628,4.81055301530153,810.9349860947458
1587432376679.0,ws,0.1,0.5127403672325267,4.816554655465547,811.9208417254652
1595244275582.0,ws,0.1,0.5137279289317942,4.826634883488349,812.832528033141
1587402349386.0,ws,0.001,0.6982298599439775,29.54496381638164,4618.512307582439
1587414389362.0,ws,0.004641588833612777,0.6905480955972131,11.81844796479648,1994.9158763668315
1595092306253.0,ws,0.021544346900318832,0.6564398204787988,6.885998919891989,1157.1322562073976
1587439225574.0,ws,0.46415888336127775,0.10925710006683166,3.7799876587658767,694.4920902734764
1587428922856.0,ws,0.046415888336127774,0.6045976454900448,5.614078887888789,939.4672416335894
1587377985282.0,ws,0.046415888336127774,0.6071988517064291,5.652658265826583,945.2315143118375
1587436603156.0,ws,0.21544346900318823,0.3411590541415181,4.2260422442244225,730.9616043465528
1587434919174.0,ws,0.1,0.5153281492535673,4.8324030203020305,813.9048413741451
1587431353531.0,ws,0.046415888336127774,0.610334441178017,5.69944396439644,953.4702608130565
1587437401341.0,ws,0.21544346900318823,0.3420172468912461,4.230995739573958,730.9582834950843
1595056746068.0,ws,0.46415888336127775,0.10989500403281229,3.7804859885988598,694.4375533662826
1595104457523.0,ws,0.1,0.5113001253160101,4.81086700670067,810.7398079155171
1587397087623.0,ws,0.001,0.6978459733893555,26.90496693669367,3942.0507900395164
1587396221216.0,ws,0.001,0.6981352450980391,28.063852485248525,4267.196466107731
1587431597891.0,ws,0.046415888336127774,0.6066515378094557,5.651703850385038,944.4774276849266
1587395431469.0,ws,0.001,0.6980082422969186,27.470128652865288,4259.32996949391
1595177431328.0,ws,0.004641588833612777,0.6900399689362923,11.658317131713172,1962.5016641553343
1587400330525.0,ws,0.001,0.6980539915966385,28.500781538153817,4404.950985353451
1587429358129.0,ws,0.046415888336127774,0.6075488395574155,5.65839595959596,946.3532801465099
1587398675347.0,ws,0.001,0.6977922805788981,24.684351255125513,3977.9990249034413
1595082011831.0,ws,0.021544346900318832,0.6559366367086646,6.879839583958396,1157.5899435833155
1595040208369.0,ws,0.46415888336127775,0.109477972112207,3.7815091309130913,693.8105267213494
1587437969821.0,ws,0.21544346900318823,0.34089035500368825,4.227970857085708,730.7300869674647
1587426150270.0,ws,0.021544346900318832,0.657327361831495,6.946313051305131,1168.6102708216333
1587378300050.0,ws,0.046415888336127774,0.6072861201973123,5.651877247724772,945.3382758785845
1594968663906.0,ws,0.001,0.6981302181641886,28.089550435043503,4417.623468771474
1587377732216.0,ws,0.021544346900318832,0.656357007658664,6.868749414941494,1155.599579954192
1595076470881.0,ws,0.021544346900318832,0.6562997021683167,6.881329092909291,1158.0101984342252
1595155955757.0,ws,0.21544346900318823,0.3421292848268004,4.229754275427543,731.2500594432049
1587377008872.0,ws,0.021544346900318832,0.6566695111553393,6.883383158315832,1163.6484282170306
1595067442949.0,ws,0.21544346900318823,0.34151840655011373,4.226769456945695,730.9520289023211
1587439963891.0,ws,0.46415888336127775,0.11061300388082775,3.7812983698369838,694.6947165481567
1595039767308.0,ws,0.1,0.5121594656306886,4.8181169116911695,811.4365023875908
1594625422670.0,ws,0.0,0.6999999999999998,312.96879687968794,41345.9959195545
1587422288219.0,ws,0.021544346900318832,0.6546589140365997,6.845348234823482,1150.9610161593355
1587424316487.0,ws,0.021544346900318832,0.6559533007480995,6.854346594659466,1153.949091225555
1587412590184.0,ws,0.004641588833612777,0.6914234274222508,12.36324908490849,2083.3345610829097
1595232076818.0,ws,0.46415888336127775,0.11065332703245215,3.7813208720872087,694.4497474002163
1595101165159.0,ws,0.004641588833612777,0.6907834999640882,12.024504470447045,2034.4307401034166
1587440015227.0,ws,0.46415888336127775,0.10911911776593558,3.780005900590059,694.2391362404985
1587380782337.0,ws,0.46415888336127775,0.10898136878779079,3.77965200520052,694.3793449212674
1595062307607.0,ws,0.46415888336127775,0.11069215845590324,3.782043304330433,694.4149471441625
1587379637976.0,ws,0.1,0.5119465068445487,4.821242864286429,811.832745737343
1587435383893.0,ws,0.1,0.5108844525392048,4.811624942494249,810.8875028631712
1595098268894.0,ws,0.046415888336127774,0.6078608425380948,5.654894929492949,946.0726051790044
1595078117975.0,ws,0.21544346900318823,0.34026089960173683,4.222483628362836,730.6149276714298
1587409835608.0,ws,0.004641588833612777,0.6905626528047114,11.728954415441544,1986.7655319235937
1587413927709.0,ws,0.004641588833612777,0.6901784170078287,11.637911831183118,1964.697279022669
1587439212289.0,ws,0.46415888336127775,0.11075519751361346,3.7815689368936893,694.4595347056469
1587438272476.0,ws,0.21544346900318823,0.3426220779702641,4.231270547054706,731.4637103828177
1595161996724.0,ws,0.1,0.5107339181552882,4.808603240324032,810.100886836645
1587431479407.0,ws,0.046415888336127774,0.610528931761393,5.694027662766277,952.2358393084776
1587422653877.0,ws,0.021544346900318832,0.6576169724556489,6.955712871287129,1172.0212758473417
1587380325433.0,ws,0.21544346900318823,0.33937390249092225,4.221774817481748,730.4514925309206
1595161382952.0,ws,0.046415888336127774,0.6122307517388014,5.71942698269827,956.1942180742889
1595058697656.0,ws,0.004641588833612777,0.69095355544782,12.048843244324432,2047.6916661016994
1595168326556.0,ws,0.1,0.5136130276329166,4.82024096409641,812.3933334542722
1587379383885.0,ws,0.1,0.5131723212389082,4.817860886088609,812.3312787606712
1587428176676.0,ws,0.046415888336127774,0.6088884167320467,5.670492429242924,949.5020597678467
1587423088624.0,ws,0.021544346900318832,0.6558934094379992,6.875975757575757,1156.754252982203
1595155069765.0,ws,0.046415888336127774,0.6101509339679928,5.689844804480448,951.8623218133018
1587374072338.0,ws,0.004641588833612777,0.6909582415786826,12.121874367436744,2076.629113827201
1595093594989.0,ws,0.1,0.5122888175386704,4.814558315831583,811.343423237991
1587379945538.0,ws,0.1,0.5156104009217477,4.832575117511751,814.2926806957254
1587439955527.0,ws,0.46415888336127775,0.10981505863306315,3.781393899389939,694.2258234383448
1594977234426.0,ws,0.004641588833612777,0.690305294117647,11.861882028202821,2004.3206810957329
1587378729963.0,ws,0.046415888336127774,0.6092085257956698,5.669745854585458,948.7002573083735
1595231057058.0,ws,0.046415888336127774,0.60711360349317,5.643067166716672,944.2297436731285
1594979134252.0,ws,0.021544346900318832,0.656463971240318,6.887258485848585,1160.7424869631432
1595029242817.0,ws,0.21544346900318823,0.3440890312285043,4.232365336533653,731.6220747115159
1587426078103.0,ws,0.021544346900318832,0.6555437350446252,6.852440764076408,1155.1802544095153
1587435911440.0,ws,0.1,0.5139693973097765,4.822125972597259,813.0594292019641
1595097689097.0,ws,0.021544346900318832,0.6560333311219225,6.859068686868687,1155.2700114880256
1595033147500.0,ws,0.021544346900318832,0.6560744818021677,6.869605740574057,1155.2708219732126
1587427684741.0,ws,0.046415888336127774,0.6094735406243225,5.6805142314231425,950.1296906697763
1595072450253.0,ws,0.1,0.5129774371990239,4.817376237623763,812.4776365272007
1595237894649.0,ws,0.1,0.5113856710652609,4.81794295429543,811.9498328166607
1595174587710.0,ws,0.1,0.5110773848605814,4.812894889488949,810.5649489509861
1587425561869.0,ws,0.021544346900318832,0.6570340867440093,6.931445404540454,1168.8213082168013
1587437193095.0,ws,0.21544346900318823,0.34226007129463615,4.2301252725272525,731.1229190969324
1587377438625.0,ws,0.021544346900318832,0.6561727119835788,6.897485448544854,1160.16651049197
1587426944717.0,ws,0.021544346900318832,0.6577941295546558,6.93424100410041,1168.868827771713
1587438068234.0,ws,0.21544346900318823,0.3469236099475822,4.238615641564157,732.3869916923312
1587413605757.0,ws,0.004641588833612777,0.6900689454027225,11.526209740974098,1971.9439208362537
1587430155452.0,ws,0.046415888336127774,0.609056175667298,5.675160736073607,949.7578011604515
1587374385498.0,ws,0.004641588833612777,0.6909115707821588,11.92509102910291,2015.8500839209512
1595012179269.0,ws,0.046415888336127774,0.6084590304423818,5.667915631563156,948.8394193140742
1595034671024.0,ws,0.21544346900318823,0.3444803813673352,4.235303190319032,731.5958721583797
1587428482074.0,ws,0.046415888336127774,0.6076766135472714,5.6675031703170315,946.6097083275607
1587380469909.0,ws,0.21544346900318823,0.3431189526870581,4.226652865286528,731.5995546559933
1595020404189.0,ws,0.004641588833612777,0.6907845985060689,11.852599519951996,2015.1921236807973
1587431782108.0,ws,0.046415888336127774,0.6069046388020304,5.635646664666466,944.2133719752844
1587374305895.0,ws,0.004641588833612777,0.6894483977950154,11.213436443644364,1901.7821973826058
1587411406345.0,ws,0.004641588833612777,0.6904134173669467,12.059388218821882,2026.9685516592676
1595180179390.0,ws,0.046415888336127774,0.6113054930561355,5.70656505650565,954.4670551860103
1587436919230.0,ws,0.21544346900318823,0.34134226321292416,4.2266409440944095,730.8742985774852
1595257276733.0,ws,0.004641588833612777,0.6907937502693383,11.961841344134413,2025.9209275651758
1587380718816.0,ws,0.21544346900318823,0.3408965705018198,4.2270199819981995,730.7344924743717
1587414706805.0,ws,0.004641588833612777,0.6911735848954965,12.299590619061906,2050.856193461437
1587410695210.0,ws,0.004641588833612777,0.6909995457157222,12.129701470147015,2057.530341349814
1587438372605.0,ws,0.21544346900318823,0.34321377170245293,4.229394599459946,731.4961558821055
1587412035697.0,ws,0.004641588833612777,0.6901671415813287,11.789293809380938,1986.279593641252
1595036699991.0,ws,0.004641588833612777,0.6905611075199309,11.97821094109411,2002.4589927969237
1595183582962.0,ws,0.004641588833612777,0.691055177224736,12.183551615161516,2041.2928105074961
1587421845323.0,ws,0.021544346900318832,0.6569369260821737,6.894545894589459,1163.6957387670802
1587437652694.0,ws,0.21544346900318823,0.3423853339577968,4.230839263926392,731.4086814871621
1587438860138.0,ws,0.21544346900318823,0.34070245059975096,4.225582338233823,730.7097390969548
1587413215935.0,ws,0.004641588833612777,0.690171579760109,11.686026202620262,1998.9363715782172
1587432158133.0,ws,0.046415888336127774,0.6080472829019965,5.657845084508451,946.3201211216223
1595173971778.0,ws,0.046415888336127774,0.6059802527391769,5.625696689668967,941.9923563349789
1587424386765.0,ws,0.021544346900318832,0.6560984796644704,6.8895526752675265,1158.7602724466612
1595053249667.0,ws,0.004641588833612777,0.6902935179199884,11.760054865486548,1984.8950392422487
1595069473815.0,ws,0.004641588833612777,0.6906358566760037,11.802611581158116,2004.008579384124
1587428057875.0,ws,0.046415888336127774,0.6093054656489022,5.681011861186119,950.3955850523807
1595173201601.0,ws,0.021544346900318832,0.6566187902259419,6.877099849984998,1161.288217975243
1595033794715.0,ws,0.046415888336127774,0.6076302720679733,5.651478607860786,945.602882053219
1587429598329.0,ws,0.046415888336127774,0.6092522782137023,5.6756730273027305,949.7956118537315
1587378484895.0,ws,0.046415888336127774,0.6100219201489945,5.697551695169517,953.6411747350335
1587432100302.0,ws,0.046415888336127774,0.6079473118032638,5.659809220922092,946.7622008298201
